Picture_name;Cells_where_building_label=2;Cells_where_vegetation_label=2;Cells_where_road_label=1;Avg_building_labels;Avg_vegetation_labels;PCA_value;Location_name
D:\urban\Peta\Sample1-20\Sample1-20\1\01.bmp;53;46;72;1.33;1.35;0.856789;BRA_PU_1
D:\urban\Peta\Sample1-20\Sample1-20\10\01.bmp;78;7;94;1.74;1.01;2.65455;BRA_UR_1
D:\urban\Peta\Sample1-20\Sample1-20\11\01.bmp;84;12;91;1.78;1.07;2.58783;BRA_UR_2
D:\urban\Peta\Sample1-20\Sample1-20\12\01.bmp;94;1;100;1.92;0.94;3.22678;BRA_UR_3
D:\urban\Peta\Sample1-20\Sample1-20\13\01.bmp;35;52;72;0.98;1.52;0.0950679;CFSF-NA_1
D:\urban\Peta\Sample1-20\Sample1-20\14\01.bmp;46;46;59;1.05;1.46;0.276602;CFSF-NA_2
D:\urban\Peta\Sample1-20\Sample1-20\15\01.bmp;0;95;27;0.07;1.95;-2.62552;DUR_NA_1
D:\urban\Peta\Sample1-20\Sample1-20\16\01.bmp;0;100;2;0.03;2;-3.08879;DUR_NA_2
D:\urban\Peta\Sample1-20\Sample1-20\17\01.bmp;0;100;1;0.01;2;-3.115;DUR_NA_3
D:\urban\Peta\Sample1-20\Sample1-20\18\01.bmp;2;75;35;0.55;1.75;-1.67171;DUR_PU_1
D:\urban\Peta\Sample1-20\Sample1-20\19\01.bmp;46;31;81;1.28;1.31;1.08196;DUR_PU_2
D:\urban\Peta\Sample1-20\Sample1-20\2\01.bmp;59;31;85;1.51;1.29;1.4866;BRA_PU_2
D:\urban\Peta\Sample1-20\Sample1-20\20\01.bmp;15;45;67;0.86;1.45;-0.140989;DUR_PU_3
D:\urban\Peta\Sample1-20\Sample1-20\3\01.bmp;0;100;97;0.96;2;-1.26638;BRA_PU_3
D:\urban\Peta\Sample1-20\Sample1-20\4\01.bmp;0;100;1;0;2;-3.12187;BRA_RU_3
D:\urban\Peta\Sample1-20\Sample1-20\5\01.bmp;1;96;19;0.11;1.96;-2.70927;BRA_RU_1
D:\urban\Peta\Sample1-20\Sample1-20\6\01.bmp;14;66;47;0.43;1.65;-1.20941;BRA_RU_2
D:\urban\Peta\Sample1-20\Sample1-20\7\01.bmp;81;12;91;1.77;0.99;2.63778;BRA_SU_1
D:\urban\Peta\Sample1-20\Sample1-20\8\01.bmp;68;26;75;1.46;1.26;1.54742;BRA_SU_2
D:\urban\Peta\Sample1-20\Sample1-20\9\01.bmp;76;8;93;1.71;1.08;2.49755;BRA_SU_3
