Picture_name;Cells_where_building_label=2;Cells_where_vegetation_label=2;Cells_where_road_label=1;Avg_building_labels;Avg_vegetation_labels;PCA_value;Location_name
C:\Users\ThinkPad\Desktop\test 1\1\01.bmp;48;36;76;1.29;1.36;4.21212;Kelvingrove
C:\Users\ThinkPad\Desktop\test 1\2\01.bmp;0;100;1;0.04;2;-1.54907;Cashel Farm
C:\Users\ThinkPad\Desktop\test 1\3\01.bmp;0;100;0;0.01;2;-1.59166;SCENE 1
C:\Users\ThinkPad\Desktop\test 1\4\01.bmp;0;100;0;0;2;-1.60075;SCENE 2
C:\Users\ThinkPad\Desktop\test 1\5\01.bmp;30;66;46;0.79;1.66;1.77517;Gerscube
C:\Users\ThinkPad\Desktop\test 1\6\01.bmp;2;98;7;0.14;1.98;-1.24581;Cochno
